country_standard,transparency_index_2019,transparency_index_mean,budget_participation_index,budget_participation_index_noNA,budget_transparency_index,budget_transparency_index_noNA,pandemic_dem_violation_index,covid_index,gdp,gini,gdp_percap,gdp_percap_ppp_covid,percap_domestic_health_expenditure,percap_domestic_health_expenditure_ppp,median_age,aged_65_older
Afghanistan,0.1635696930781351,0.19607113225580125,1,1,0.3333333333333333,0,0.2142857142857143,0.013742326694218671,19291104007.8299,NA,507.103431871987,2156.41948202725,2.57800722,9.64153671,18.6,2.581
Albania,0.5542427118947539,0.5513489831125987,0.5,0,0.6666666666666666,0.5,0.35714285714285715,0.5408716450191758,15279183289.9372,33.2,5353.2448564014,14648.2674019058,148.43656921,376.50137329,38,13.188
Algeria,0.15744256136276646,0.1691869595773262,0,NA,0,NA,0.4285714285714286,0.011907942674276336,171091289782.245,27.6,3973.96407191565,12019.9283559331,168.44966125,633.79882813,29.1,6.211
American Samoa,NA,NA,0,NA,0,NA,NA,NA,636000000,NA,11466.6907058505,NA,NA,NA,NA,NA
Andorra,0.9260964633302091,0.9416751070023047,0,NA,0,NA,NA,0.919777877717488,3154057987.23833,NA,40886.3911648431,NA,1916.98449707,2450.40795898,NA,NA
Angola,0.1895792998912913,0.1499815374823335,0,NA,0,NA,0.35714285714285715,0.02104255281735808,88815697793.303,51.3,2790.72661520665,6965.51137380329,36.73722076,69.06031799,16.8,2.405
Anguilla,NA,NA,0,NA,0,NA,NA,NA,NA,NA,NA,NA,NA,NA,NA,NA
Antigua & Barbuda,0.8793579063063757,0.859200596312422,0,NA,0,NA,NA,0.006694201548867725,1661962962.96296,NA,17112.8211347326,22879.7660938046,485.82119751,780.36248779,32.1,6.933
Argentina,0.8596104303522261,0.8358464077924547,0.5,0,0.6666666666666666,0.5,0.2142857142857143,0.5247484853494194,445445177459.426,41.4,9912.28180859803,23040.2879526544,692.61743164,1221.78161621,31.9,11.198
Armenia,0.5416837621588595,0.4629203416948657,0,NA,0.6666666666666666,0.5,0.2142857142857143,0.60885307955188,13672802157.8324,34.4,4622.73349328671,14257.9624870448,52.11013412,127.96128082,35.7,11.232
Aruba,NA,NA,0,NA,0,NA,NA,NA,3056424581.00559,NA,29007.6930034887,38442.4138382323,NA,NA,NA,NA
Australia,0.9478139936650528,0.9575276007273793,0.5,0,1,1,0.07142857142857144,0.7445102576049156,1396567014733.23,34.4,55060.3261005013,53381.4190051283,3747.02880859,3456.62744141,37.9,15.504
Austria,0.9492299418001536,0.9564711457174482,0,NA,0,NA,0,0.9043521625127596,445075391688.156,29.7,50137.6627762476,60418.0106125251,3892.83129883,4296.74755859,44.4,19.202
Azerbaijan,0.10139867301643422,0.1131713338653096,0.5,0,0.6666666666666666,0.5,0.28571428571428575,0.004625938188672381,48047647058.8235,NA,4793.58701966989,15041.2572872965,43.97441864,168.06996155,32.4,6.018
Bahamas,0.9008099547272568,0.9043806664741729,0,NA,0,NA,NA,0.0041048632388634,13578800000,NA,34863.7420984795,38742.5457547658,1011.08203125,1006.99780273,34.3,8.996
Bahrain,0.11117358893189297,0.21201006025805944,0,NA,0,NA,NA,0.9106324776331687,38574069148.9362,NA,23503.977126673,47002.5493359525,584.89892578,1150.37976074,32.4,2.372
Bangladesh,0.44642979454212023,0.4757407900802968,0,NA,0,NA,0.35714285714285715,0.27311052419007,302571254131.135,32.4,1855.73982408046,4964.09138891893,7.11578894,18.61657524,27.5,5.098
Barbados,0.9251971201770302,0.9209059851791499,0,NA,0,NA,NA,0.007436247885328989,5209000000,NA,18148.2449264001,16330.8876795581,521.43029785,539.00128174,39.8,14.952
Belarus,0.11241790426740136,0.09790094062769779,0,NA,0,NA,0.5,0.7215301686405675,63080457022.6599,25.2,6663.29529282582,19997.0577636148,250.84080505,797.38653564,40.3,14.799
Belgium,0.9544776873144672,0.9535761782538187,0,NA,0,NA,0.14285714285714288,0.7881267933416108,533097455834.509,27.4,46420.6637668061,56348.5136836421,3723.06762695,4096.09082031,41.8,18.571
Belize,0.851129284893106,0.8601920963570477,0,NA,0,NA,NA,0.0028626567586693664,1879613600,NA,4815.1637107951,7314.63199191617,196.18196106,347.32620239,25,3.853
Benin,0.7968699638025472,0.8198221342099546,0,NA,0,NA,0.35714285714285715,0.026105009740092132,14390709094.9386,47.8,1219.43267185875,3432.78130027653,6.09126854,16.38282776,18.8,3.244
Bermuda,NA,NA,0,NA,0,NA,NA,NA,7484113000,NA,117089.286273037,85417.6290253552,NA,NA,NA,NA
Bhutan,0.5476968051872972,0.4453277188901412,0,NA,0,NA,NA,0.8010229022204954,2530547157.56678,37.4,3316.17571350084,12355.7935697174,81.72798157,256.22729492,28.6,4.885
Bolivia,0.5242478296251176,0.5323982647348763,0,NA,0,NA,0,0.405951660162853,40895322843.7851,42.2,3552.0687602631,9110.55582043167,159.13116455,353.0602417,25.4,6.704
Bosnia & Herzegovina,0.5109128067613069,0.5260739076170531,0.5,0,0,NA,0.5,0.5806354692889091,20164193806.88,33,6108.51069581338,16288.8302196838,376.87268066,908.59094238,42.5,16.569
Botswana,0.8504279240203633,0.843143513415086,0,NA,0,NA,0,0.0065033975545645975,18340480936.0444,53.3,7961.32518123885,18552.7532590413,374.17907715,843.50067139,25.8,3.941
Brazil,0.8280149764810036,0.84445969243683106,1,1,1,1,0.4285714285714286,0.2900151739529332,1839758040765.62,53.9,8717.18627810819,15299.9872589341,353.53921509,637.92169189,33.5,8.552
Brunei,0.1683925496193813,0.18675896439253756,0,NA,0,NA,NA,0.026786239425959892,13469422958.5105,NA,31086.7511188028,64847.6517376043,726.06939697,1857.6505127,32.4,4.591
Bulgaria,0.8330124892434415,0.8420753174918283,0.5,0,0.6666666666666666,0.5,0.28571428571428575,0.6072111999552904,68558815111.6199,40.4,9828.14851478139,25312.0802278685,397.63748169,941.66809082,44.7,20.801
Burkina Faso,0.5132818362893085,0.5097199046584361,0.5,0,0.3333333333333333,0,0.14285714285714288,0.02561515461482692,15990803569.9961,35.3,786.895631290168,2274.71973639652,17.10899734,47.48747635,17.6,2.409
Burundi,0.0746897134166174,0.31099202536143994,0,NA,0,NA,0.35714285714285715,0.11577624835306734,3012334881.64057,38.6,261.247472515742,784.92698867139,5.90400934,16.16786575,17.5,2.562
Cambodia,0.1370923405560842,0.15821286479358243,0,NA,0,NA,0.2142857142857143,NA,27089389786.979,NA,1643.12138876539,4583.01645053007,19.26422501,55.55650711,25.6,4.412
Cameroon,0.1380748519925905,0.15662474538144794,0,NA,0,NA,0.5,0.017260431734975924,39007354359.2798,46.6,1507.45020591288,3803.45724026778,3.22656012,7.96273899,18.8,3.165
Canada,0.9660028866520669,0.9620172802757931,0.5,0,0.6666666666666666,0.5,0,0.7557417395057808,1736425629519.96,33.3,46194.7252255167,51668.9145456827,3670.84326172,3821.5534668,41.4,16.984
Cape Verde,0.9050890404152616,0.9001877964688736,0,NA,0,NA,NA,0.004592943862824371,1981845740.35828,42.4,3603.78179304514,7489.21150258395,117.23470306,240.3788147,25.7,4.46
Cayman Islands,NA,NA,0,NA,0,NA,NA,NA,5517361237.63423,NA,85975.0247395242,73292.2828214499,NA,NA,NA,NA
Central African Republic,0.13720653673751315,0.2855852148472564,0,NA,0,NA,0.35714285714285715,0.020185753404224016,2220307368.69593,56.2,467.907440636335,986.680896715623,3.36062503,6.07482052,18.3,3.655
Chad,0.11053856549326439,0.11439051757956861,0,NA,0,NA,0.4285714285714286,0.027773869936433028,11314951342.7807,43.3,709.540310138533,1649.52917196648,4.97096872,13.43343544,16.7,2.486
Chile,0.9113419909232564,0.9151131929116713,1,1,0.6666666666666666,0.5,0.14285714285714288,0.7134731774114871,282318159744.65,44.4,14896.4538665789,27002.2617508326,740.00695801,1172.16772461,35.4,11.087
China,0.0865167632286328,0.08400146874748611,0,NA,0,NA,0.5,0.5277259877940975,14342903006431.3,38.5,10261.6792453621,16829.8670782368,282.67977905,527.60229492,38.7,10.641
Colombia,0.5638294456711088,0.5321872541547762,0,NA,0.6666666666666666,0.5,0.14285714285714288,0.5942004486679464,323615979418.651,50.4,6428.67620562768,16012.4457431478,367.49578857,827.43884277,32.2,7.646
Comoros,0.45042732523528217,0.4884421905306202,0,NA,0,NA,NA,0.008843504024225705,1165839927.06327,45.3,1370.14820676715,3194.90074820584,6.04044008,12.42846012,20.4,2.963
Congo - Brazzaville,0.12979104878351988,0.16236788337148644,0,NA,0,NA,0.28571428571428575,0.016295679802705007,12267392146.5888,48.9,2279.96913053355,3835.66258234277,17.46465302,46.07588577,19,3.402
Congo - Kinshasa,0.11692702287436317,0.11453598463686279,0,NA,0,NA,0.6428571428571429,0.02772822900203159,50400746171.4239,42.1,580.716867207745,1146.53586681718,2.79114175,4.6314168,17,3.02
Costa Rica,0.9243864915789832,0.9166771322677603,1,1,0.6666666666666666,0.5,0.2142857142857143,0.49375105063484515,61801385049.0716,48,12243.8114267607,21737.6499065213,658.54821777,967.56591797,33.6,9.468
Côte d’Ivoire,0.5080387730181191,0.319421244093211,1,1,0.6666666666666666,0.5,0.2142857142857143,0.22081945891127483,58539424929.7248,41.5,2276.33327906444,5443.22483894621,20.71104622,50.79077911,18.7,2.933
Croatia,0.8515077199522355,0.8485526677539735,1,1,0.6666666666666666,0.5,0.4285714285714286,0.6514508871312514,60752588976.3175,30.4,14936.100547343,31130.7937700426,843.92785645,1561.09448242,44,19.724
Cuba,0.10976070099607271,0.08672505356498969,0,NA,0,NA,0.4285714285714286,0.6002916570809845,100023000000,NA,8821.8188912500409,NA,877.43902588,2239.78491211,43.1,14.738
Cyprus,0.9184682514163287,0.9143840563827217,0,NA,0,NA,NA,0.9796796686602746,24948935408.0376,31.4,27858.3709958327,41254.40458771,836.52368164,1123.48657227,37.3,13.416
Czechia,0.9011294967473602,0.9084918631224994,0.5,0,0.3333333333333333,0,0.2142857142857143,2.8302004490445204e-5,250680504529.647,24.9,23494.5962002944,44295.9171903288,1460.20837402,2514.62426758,43.3,19.027
Denmark,0.980352787780232,0.9784314791571764,0,NA,0.6666666666666666,0.5,0,0.9810594517933877,350104327658.675,28.7,60170.3426365069,62089.9144642065,5214.66015625,4860.25732422,42.3,19.677
Djibouti,0.11192141100006094,0.21011044744330468,0,NA,0,NA,NA,0.010203747482776993,3324634256.13324,41.6,3414.92486968779,5779.67576510782,35.12189484,66.85728455,25.4,4.213
Dominica,0.8961742521544336,0.9034401605094544,0,NA,0,NA,NA,NA,582403703.703704,NA,8110.56851191655,12444.441138884,318.10812378,460.32250977,NA,NA
Dominican Republic,0.5604258492309213,0.7324857411162987,1,1,0.6666666666666666,0.5,0,0.49113117943733275,88941299734.2073,43.7,8282.11635935324,19227.7155985312,204.49601746,450.82589722,27.6,6.981
Ecuador,0.5430290957882914,0.5116236880287522,0.5,0,0.3333333333333333,0,0.2142857142857143,0.38339026251127317,107435665000,45.4,6183.82382482173,11878.7183637027,268.41723633,496.41848755,28.1,7.104
Egypt,0.10918796907636984,0.15837139266158773,0,NA,0,NA,0.5,0.011719878789098808,303092255125.285,31.5,3019.20582861756,12283.8073656393,36.07154846,176.44493103,25.3,5.159
El Salvador,0.8025851210646627,0.7962851066762464,0.5,0,0.6666666666666666,0.5,0.7857142857142858,0.4891989970539828,27022640000,38.6,4187.2500311069,9164.34612258003,184.22163391,378.21661377,27.6,8.273
Equatorial Guinea,0.05551599928066213,0.050368724547087095,0,NA,0,NA,NA,0.010680975060826506,11026774945.3415,NA,8131.92388810912,19379.2424653675,62.43690491,138.37895203,22.4,2.846
Eritrea,0.014832711987325128,0.01827155870667626,0,NA,0,NA,0.4285714285714286,0.034814952491978,2065001626.01626,NA,642.507659063694,1625.50615569996,3.70365119,11.47636986,19.3,3.607
Estonia,0.9348981661449496,0.9264529509377755,0,NA,0.6666666666666666,0.5,NA,0.7714096304078145,31471100656.2431,30.4,23723.306112848,39986.237100187,1142.58435059,1786.10778809,42.7,19.452
Eswatini,0.12244804791156598,0.12101732661736418,0,NA,0,NA,NA,0.004417058218381347,4471598726.6436,54.6,3894.67980685427,9003.36423142681,89.12561035,228.68084717,21.5,3.163
Ethiopia,0.15640015648493658,0.21661830399870907,0,NA,0,NA,0.28571428571428575,0.23559170316444264,95912590628.1412,35,855.760862280838,2319.70737799741,5.66122723,15.57280636,19.8,3.526
Fiji,0.547128171510759,0.4799215555651218,0,NA,0,NA,NA,0.3618105300121248,5496250694.31587,36.7,6175.88872032104,14289.9605021771,146.5606842,254.42773438,28.6,6.224
Finland,0.9816113886532112,0.9743602508920216,1,1,0.6666666666666666,0.5,0,0.749621340693482,269296310180.392,27.4,48782.7884755091,53171.585085277,3547.37304688,3501.41235352,42.8,21.228
France,0.9264056847677653,0.9351194893473268,1,1,1,1,0.14285714285714288,0.0012995459470072283,2715518274227.45,31.6,40493.9285720456,50992.9611688192,3441.16650391,3852.31958008,42,19.718
French Guiana,NA,NA,0,NA,0,NA,NA,NA,NA,NA,NA,NA,NA,NA,NA,NA
Gabon,0.1583094200735661,0.24327190201910265,0,NA,0,NA,0.35714285714285715,0.011102018482548024,16874450215.1351,38,7767.01340440788,15611.6486204056,127.96105194,287.62417603,23.1,4.45
Gambia,0.5088214924160729,0.3091017629459884,0,NA,0,NA,0.28571428571428575,0.2368402491065375,1826073739.82522,35.9,777.811932084008,2321.23774758047,6.77834558,24.72364616,17.5,2.339
Georgia,0.5597029294788622,0.540980825073329,1,1,1,1,0.14285714285714288,0.0017048254500342096,17477255545.6705,36.4,4697.7045759469,15655.6739063701,123.41460419,314.07565308,38.7,14.864
Germany,0.9503561474633803,0.9546929113192237,1,1,0.6666666666666666,0.5,0,0.7226627006802407,3861123558039.21,31.9,46445.2491012508,57530.3030344638,4251.02880859,4737.33056641,46.6,21.453
Ghana,0.8576139823081048,0.8472513341508342,0.5,0,0.6666666666666666,0.5,0.4285714285714286,0.3010833975953558,66983634223.943,43.5,2202.11556738065,5652.15060759374,30.30209732,65.33228302,21.1,3.385
Greece,0.9009904809378978,0.885261674424991,1,1,0.6666666666666666,0.5,0.5,0.7217234416727186,209852761132.839,34.4,19582.5359794936,32506.3589653217,813.74188232,1215.32409668,45.3,20.396
Greenland,NA,NA,0,NA,0,NA,NA,NA,3051626389.63671,NA,54470.9563864255,NA,NA,NA,NA,NA
Grenada,0.8728256075878315,0.8803266444747876,0,NA,0,NA,NA,0.021357058983049924,1210603703.7037,NA,10808.6721222084,17792.9086435426,181.25567627,265.01519775,29.4,7.304
Guam,NA,NA,0,NA,0,NA,NA,NA,5920000000,NA,35712.5621350321,NA,NA,NA,NA,NA
Guatemala,0.4968227785804604,0.49992063605573983,1,1,0.6666666666666666,0.5,0.35714285714285715,0.3778131408956477,76710355347.0968,48.3,4619.98525821971,9019.69380356991,93.48612976,173.90835571,22.9,4.694
Guinea,0.44312695290475046,0.3238505252388582,0,NA,0,NA,0.35714285714285715,0.022169298289481405,12296665331.192,33.7,962.839908587778,2675.46157089664,6.2994432400000004,17.95958328,19,3.135
Guinea-Bissau,0.4788963516141269,0.3991507605418849,0,NA,0,NA,NA,0.015982033065996562,1339449165.48759,50.7,697.294926856786,2077.40166918098,4.88268852,11.28578281,19.4,3.002
Guyana,0.8200695837235257,0.7844533131039998,0,NA,0,NA,NA,0.0061086525136444395,5173759527.57794,NA,6609.58642503371,13661.2802492827,182.86883545,317.35702515,26.3,5.305
Haiti,0.4458686264880566,0.42868723153731314,0,NA,0,NA,0.5,0.017832247497058532,14332163266.3977,41.1,1272.4909246734,3034.01211008755,7.69670486,17.2068367,24.3,4.8
Honduras,0.467399870709024,0.483965484547301,1,1,0.6666666666666666,0.5,0.35714285714285715,0.0045481610279940535,25095395475.0393,52.1,2574.91219067443,5981.45089204649,70.95574188,145.84317017,24.9,4.652
Hong Kong SAR China,0.5613484451348122,0.5963336503064989,0,NA,0,NA,0.2142857142857143,NA,365711532816.907,NA,48713.4737481561,62495.9599403015,NA,NA,44.8,16.303
Hungary,0.562666884282593,0.8520222521962261,0,NA,0,NA,0.4285714285714286,0.6587318852212646,163469042867.956,30.6,16731.8215139051,34966.298094639,747.53192139,1461.60998535,43.4,18.577
Iceland,0.9501364939959434,0.9589961344363076,0,NA,0,NA,NA,0.7913350387721418,24188038473.5438,26.8,66944.8330769825,60132.4542962832,5379.64648438,4211.85253906,37.3,14.431
India,0.8217904278459333,0.7122362853118055,0,NA,0,NA,0.8571428571428572,0.5469796090669156,2868929415617.02,35.7,2099.59904810855,6996.55692650234,19.63145256,74.15726471,28.2,5.989
India,0.5717904278459333,0.7122362853118055,0,NA,0,NA,0.8571428571428572,0.5469796090669156,2868929415617.02,35.7,2099.59904810855,6996.55692650234,19.63145256,74.15726471,28.2,5.989
Indonesia,0.5548091286669659,0.6864433939124317,1,1,0.6666666666666666,0.5,0.28571428571428575,0.2811754503563302,1119190780752.8,37.8,4135.56926281554,12334.9172683236,55.08996582,185.06178284,29.3,5.319
Iran,0.11642242321367119,0.10013173022131899,0,NA,0,NA,0.35714285714285715,0.5146880025949686,453996479250.212,40.8,5550.06095701484,12937.4759795684,222.42095947,776.78900146,32.4,5.44
Iraq,0.1688213593647888,0.15330499253404467,0,NA,0,NA,0.2142857142857143,0.5540320336006779,234094042938.917,29.5,5955.10901036816,11362.6914755367,115.23300934,344.60119629,20,3.186
Ireland,0.9502748183109482,0.9505696322593454,0,NA,0,NA,0,0.7685188558810346,388698711348.156,32.8,78660.9564629603,89683.6383584847,4055.94116211,4357.13720703,38.7,13.928
Israel,0.8702921855268527,0.7385364774120489,0,NA,0.6666666666666666,0.5,0.07142857142857144,0.8821693360151911,394652210295.849,39,43592.0835823234,42897.809276733,2150.53881836,2075.36279297,30.6,11.733
Italy,0.9055004896141132,0.9100771898198173,1,1,0.6666666666666666,0.5,0.14285714285714288,0.7607700916646348,2003576145498.04,35.9,33228.2366803707,45722.5696741577,2208.52026367,2677.77490234,47.9,23.021
Jamaica,0.864606082015892,0.8576580514203725,0,NA,0,NA,0.14285714285714288,0.7759834139629173,16458071067.8176,NA,5582.26377755211,10193.4695239053,208.4400177,363.08630371,31.4,9.684
Japan,0.9039250022424019,0.9107176768509905,0,NA,0,NA,0.07142857142857144,0.4114702411853126,5081769542379.77,32.9,40246.8801284164,43593.5050635196,3587.73876953,3787.11035156,48.2,27.049
Jersey,NA,NA,0,NA,0,NA,NA,NA,NA,NA,NA,NA,NA,NA,NA,NA
Jordan,0.45343116308950127,0.3190663843476258,1,1,0.6666666666666666,0.5,0.5714285714285715,0.7036357358209062,44502895861.6837,33.7,4405.48841230824,10517.0670336401,162.35441589,362.80496216,23.2,3.81
Kazakhstan,0.13582686904452837,0.14132598544419742,0,NA,0,NA,0.4285714285714286,0.6881856482447044,181665908556.499,27.5,9812.39037613835,27517.5564580125,167.82113647,476.81665039,30.6,6.991
Kenya,0.4996531152548277,0.5070123706718443,1,1,0.6666666666666666,0.5,0.4285714285714286,0.26748431668163447,95503088538.092,40.8,1816.5469164389,4521.47915130539,37.2430191,75.50148773,20,2.686
Kiribati,0.924040930953753,0.8914572221129121,0,NA,0,NA,NA,NA,194647201.946472,37,1655.07883905984,2372.45135469549,150.38806152,212.25886536,NA,NA
Kosovo,0.5195145925180615,0.47329685366279173,0,NA,0,NA,NA,NA,7926133713.61397,29,4417.5240622333,11870.7975764716,NA,NA,NA,NA
Kuwait,0.4571651683672969,0.46217003907258886,0,NA,0,NA,0.28571428571428575,0.6915319674146612,134628542746.97,NA,32000.4484691578,52059.7233148301,1506.60583496,3230.2980957,33.7,2.345
Kyrgyzstan,0.4790619083211568,0.4369698777127724,0,NA,0,NA,0.5714285714285715,0.006078965388618519,8454619607.81795,27.7,1309.39299165512,5485.56032924938,36.72362518,111.33498383,26.3,4.489
Laos,0.06315092003600449,0.07353472116934699,0,NA,0,NA,0.35714285714285715,NA,18173839147.4011,36.4,2534.89827991125,8172.72608750719,22.10001755,64.66712189,24.4,4.029
Latvia,0.8947240540014207,0.8861508436303187,0,NA,0.6666666666666666,0.5,NA,0.783832190085265,34102913582.4235,35.6,17828.8946571856,33020.7965213363,657.76702881,1132.08105469,43.9,19.754
Lebanon,0.4744997704904842,0.4816031829372001,0,NA,0,NA,0.35714285714285715,0.002111307921476952,51991634491.6345,31.8,7583.69472170648,15195.5296771146,343.38116455,543.15856934,31.1,8.514
Lesotho,0.5391683578295137,0.6636772649662184,0,NA,0,NA,0.28571428571428575,0.008798050017615319,2376328637.26318,44.9,1118.13128380194,2824.0924775131,72.45595551,179.41157532,22.2,4.506
Liberia,0.5320097904883015,0.5132779701986455,0.5,0,0.6666666666666666,0.5,0.35714285714285715,0.022714270481948535,3070518100,35.3,621.892953622715,1491.00369641032,11.42816257,3180.73803711,19.2,3.057
Libya,0.10552730417218575,0.13167527051770944,0,NA,0,NA,NA,0.0047220919826110605,52091152228.3425,NA,7685.94926653003,15845.6599284929,196.1343689,391.82263184,29,4.424
Liechtenstein,0.9409321914576463,0.9568800434866976,0,NA,0,NA,NA,0.0011269941724114834,6876981286.43011,NA,181402.83002981,NA,NA,NA,NA,NA
Lithuania,0.9119900641445808,0.9002371176314956,0,NA,0.6666666666666666,0.5,0.14285714285714288,0.7792679255111498,54627411860.4705,37.3,19601.8908343885,40016.325827438,822.82885742,1523.44165039,43.5,19.002
Luxembourg,0.9736468112749166,0.9782081907730734,0,NA,0,NA,NA,1,71104919108.1411,34.9,114704.594170863,124590.545137424,5288.11181641,5135.88037109,39.7,14.312
Macao SAR China,NA,NA,0,NA,0,NA,NA,NA,53859116535.5306,NA,84096.3963112065,129451.063932872,NA,NA,NA,NA
Madagascar,0.5082826113900494,0.47517384066641194,0,NA,0,NA,0.4285714285714286,0.022285321485247693,14114631280.6774,42.6,523.359064460847,1719.90601296554,7.87874842,28.25439072,19.6,2.929
Malawi,0.5237997855226333,0.5177759782257718,0.5,0,0.3333333333333333,0,0.14285714285714288,0.13352916227837994,7666704427.00915,44.7,411.552340423602,1106.61893517062,10.25176048,34.51488113,18.1,2.979
Malaysia,0.5301478860629132,0.487126540007329,0,NA,0,NA,0.5714285714285715,0.5840221706958897,364681367531.684,41,11414.2069765208,29619.6872725667,218.65480042,611.02868652,29.9,6.293
Maldives,0.48096511038019835,0.4211366793470649,0,NA,0,NA,NA,0.8203736773994723,5642179170.45898,31.3,10626.513402239,20395.4942407226,687.53729248,1018.78302002,30.6,4.12
Mali,0.4844016308671302,0.631847854618045,0,NA,0,NA,0.35714285714285715,0.022191634711333043,17279566718.6087,33,879.008010446655,2424.33087194347,9.86327934,25.398283,16.4,2.519
Malta,0.9225720777538513,0.9306865989817874,0,NA,0,NA,NA,0.8893413064819087,14989415684.1203,29.2,29820.6032474099,47578.1969914071,1747.8684082,2473.93896484,42.4,19.426
Marshall Islands,0.9257831961008793,0.9280729985078211,0,NA,0,NA,NA,NA,221278000,NA,3788.16359372058,3983.32767464754,279.25473022,294.06271362,NA,NA
Martinique,NA,NA,0,NA,0,NA,NA,NA,NA,NA,NA,NA,NA,NA,NA,NA
Mauritania,0.18921762940749956,0.23257265040033262,0,NA,0,NA,0.5,0.36881503687130435,7600656943.97506,32.6,1679.44487300408,5427.05824167399,19.54978752,68.21751404,20.3,3.138
Mauritius,0.8852444932269314,0.8897246801754723,0,NA,0,NA,NA,0.025400118869935703,14048430518.5561,36.8,11099.2402835688,23882.3542676011,281.90109253,595.74902344,37.4,10.945
Mexico,0.5377697195173881,0.6330354133434335,0.5,0,1,1,0.5,0.33413369743431415,1268870527160.03,45.4,9946.03382879198,20944.0290161466,260.17428589,533.73724365,29.3,6.857
Micronesia (Federated States of),0.9205564449654986,0.9184909345096717,0,NA,0,NA,NA,NA,401932300,40.1,3568.291015625,3547.97511620341,109.45539856,108.9882431,NA,NA
Moldova,0.5244082489343636,0.5227940141861583,0.5,0,0,NA,0.2142857142857143,0.0019226014431990499,11968713370.4969,25.7,4503.51698538847,13626.9862509039,120.38367462,271.24172974,37.6,10.864
Monaco,0.8700312789785913,0.8936014723149988,0,NA,0,NA,NA,0.002447709607782564,7188238072.74445,NA,185829.017960407,NA,2544.51025391,2556.53466797,NA,NA
Mongolia,0.8285757399805729,0.8121955900387433,0.5,0,0.6666666666666666,0.5,0.28571428571428575,0.7722686485668825,13996719329.4097,32.7,4339.84327925027,12861.8365587725,91.00946808,304.70730591,28.6,4.031
Montenegro,0.5387983901527216,0.6712240970996989,0,NA,0.6666666666666666,0.5,NA,2.009983677549916e-4,5542577964.98146,39,8908.93479246767,24035.9051126381,438.99746704,1026.97961426,39.1,14.762
Morocco,0.4581505266184832,0.45153685926351,0,NA,0,NA,0.4285714285714286,0.5264557939409084,119700325461.938,39.5,3204.09500313298,7826.16767727681,70.24705505,187.74357605,29.6,6.769
Mozambique,0.4727839322054302,0.505061627024505,0,NA,0,NA,0.35714285714285715,0.19037582190067992,15291448211.603,54,503.570772675202,1338.09666600215,8.52427864,24.93854904,17.7,3.158
Myanmar (Burma),0.4321139227657793,0.14713545083647067,0,NA,0,NA,0.35714285714285715,0.36254069697965735,76085852617.1371,30.7,1407.81314341043,5369.7074947396,8.77954292,43.26124954,29.1,5.732
Namibia,0.8524221064112181,0.8431461908737741,0,NA,0,NA,0.4285714285714286,0.50500037223878,12366528259.1844,59.1,4957.45822226408,10063.6499589568,217.16186523,406.54638672,22,3.552
Nauru,0.8630622994737653,0.8936186808847508,0,NA,0,NA,NA,NA,118223430.124446,NA,9396.98196681072,12095.2970213263,799.32067871,971.99176025,NA,NA
Nepal,0.5193844316141556,0.4640000414423466,0,NA,0,NA,0.5714285714285715,0.4335041258876754,30641380603.9699,32.8,1071.05076055404,3567.99293874045,14.48920441,45.18733978,25,5.809
Netherlands,0.9786322967482479,0.975482199432853,0,NA,0.6666666666666666,0.5,0,0.6748773070096385,907050863145.097,28.5,52331.3167277797,61285.032210275,3444.80834961,3657.73071289,43.2,18.779
New Zealand,0.9791501962305027,0.9759924727737456,0.5,0,1,1,0,0.6915480366568343,206928765543.935,NA,42084.3533748088,45382.1235079228,3021.27709961,3011.49194336,37.9,15.322
Nicaragua,0.15257867240678366,0.4503457272848975,0,NA,0,NA,0.4285714285714286,0.017534973561506108,12520915291.1837,46.2,1912.90374537869,5646.39946843178,103.93600464,283.47229004,27.3,5.445
Niger,0.46573271138762684,0.48535046666753867,0,NA,0,NA,0.35714285714285715,0.03033485614965664,12911689659.351,34.3,553.89505038138,1278.69815751027,10.07909298,25.8909111,15.1,2.553
Nigeria,0.48453781454830214,0.4624061546956284,0,NA,0,NA,0.4285714285714286,0.10756447955420394,448120428858.769,35.1,2229.85869624463,5362.75841748844,12.45123196,34.63783264,18.1,2.751
North Korea,NA,NA,0,NA,0,NA,0.28571428571428575,NA,NA,NA,NA,NA,NA,NA,NA,NA
North Macedonia,0.5353151828676753,0.5363601040106368,0.5,0,0.6666666666666666,0.5,0.4285714285714286,0.6119869111629326,12547040498.9077,34.2,6022.21617939574,18107.7835662903,228.76986693999999,615.17565918,39.1,13.26
Norway,0.9937033467460928,0.9884981216528128,0.5,0,1,1,0.14285714285714288,0.774586380953363,403336363636.364,27,75419.6348688089,70005.8885797836,7029.85253906,5817.62548828,39.7,16.821
Oman,0.14527352601233962,0.15360860020940117,0,NA,0,NA,0.5,0.004398660967023026,76331518668.5771,NA,15343.0620043106,28507.4762166219,594.52893066,1516.09521484,30.7,2.355
Pakistan,0.4314255674931488,0.2973946281171983,0.5,0,0.3333333333333333,0,0.35714285714285715,0.3494838522503868,278221906022.841,33.5,1284.70204090039,4898.0505701722,15.23525143,63.33958435,23.5,4.495
Pakistan,0.1814255674931488,0.2973946281171983,0.5,0,0.3333333333333333,0,0.35714285714285715,0.3494838522503868,278221906022.841,33.5,1284.70204090039,4898.0505701722,15.23525143,63.33958435,23.5,4.495
Palau,0.9205564449654986,0.9323399833778026,0,NA,0,NA,NA,NA,268354919.433594,NA,14901.9835314079,18357.3953698711,1015.28155518,1184.97790527,NA,NA
Palestinian Territories,0.16108211427348662,0.20077672551717615,0,NA,0,NA,NA,0.00344295087596897,16276600000,33.7,3562.33094270256,6495.20926722616,NA,NA,20.4,3.043
Panama,0.8622365026738964,0.8532249395777323,1,1,0.6666666666666666,0.5,0.35714285714285715,0.6952695728962494,66800800000,49.2,15731.0160348471,32850.8193505311,723.15667725,1186.46801758,29.7,7.918
Papua New Guinea,0.5446456445772732,0.539141505643959,0,NA,0,NA,0.35714285714285715,0.04272697089490248,24829107011.0701,41.9,2829.17030896837,4547.56376486565,44.66556931,70.93900299,22.6,3.808
Paraguay,0.5456453518012596,0.5249692662986658,1,1,0.6666666666666666,0.5,0.5714285714285715,0.48470267628975916,38145288939.8488,46.2,5414.79913793258,13246.4617553151,175.20637512,409.28713989,26.5,6.378
Peru,0.8208394668467991,0.8062737817093275,0.5,0,0.6666666666666666,0.5,0.2142857142857143,0.4476090497175025,226848050819.525,42.8,6977.69578355382,13416.4366277108,231.09837341,480.02911377,29.1,7.151
Philippines,0.5392329242578335,0.5370282736254474,1,1,0.6666666666666666,0.5,0.5714285714285715,0.4395614303632581,376795508678.853,44.4,3485.08421835861,9302.38529765549,44.58437729,128.62251282,25.2,4.803
Poland,0.8716837480846085,0.8999783559660707,0,NA,0,NA,0.35714285714285715,0.614286291887516,595858207011.512,29.7,15692.5070255563,35165.2048832926,695.74816895,1432.59472656,41.8,16.763
Portugal,0.93839215620186,0.9278893658525218,0.5,0,0.3333333333333333,0,0,0.7836575177007163,238785085030.988,33.8,23252.0585181211,37918.4468646931,1361.25512695,1992.47058105,46.2,21.502
Puerto Rico,0.836144577166534,0.8840528475700877,0,NA,0,NA,NA,NA,104988600000,NA,32873.7192730424,36045.1049024087,NA,NA,NA,NA
Qatar,0.12622602806543268,0.15313107573642198,0,NA,0,NA,0.5,0.7286871782005203,175837550996.185,NA,62088.0618276987,94028.5976845505,1281.5213623,2363.9206543,31.9,1.307
Réunion,NA,NA,0,NA,0,NA,NA,NA,NA,NA,NA,NA,NA,NA,NA,NA
Romania,0.8453812724498372,0.8415005839036253,0.5,0,1,1,0.14285714285714288,0.6446773606443813,250077444017.084,36,12919.5296441908,33339.9351488601,547.67791748,1256.1640625,43,17.85
Russia,0.14974106782083252,0.16305272195024173,0,NA,0,NA,0.5,0.7785960613166112,1699876578871.35,37.5,11584.9953826104,29181.3632177676,362.0960083,884.90240479,39.6,14.178
Rwanda,0.1522974924702412,0.13614364728182612,0,NA,0,NA,0.28571428571428575,0.45162248330469734,10354417725.1555,43.7,820.025241658159,2325.40791678753,18.35476875,53.45846176,20.3,2.974
Samoa,0.8777852657493446,0.8596698606521738,0,NA,0,NA,NA,NA,852250190.985485,38.7,4324.01401840457,6795.6840725026,164.14190674,256.46032715,22,5.606
San Marino,0.9327521682008032,0.931260858929521,0,NA,0,NA,NA,0,1655300872.53427,NA,48995.1420019023,60886.4858583857,2907.13183594,3642.65698242,NA,NA
São Tomé & Príncipe,0.8315127733981742,0.8144971958158361,0,NA,0,NA,NA,0.0075843447307086705,418637388.988052,56.3,1946.64361370086,4145.22703770579,55.12792206,94.04404449,18.7,2.886
Saudi Arabia,0.08595584521343602,0.06634412097019478,0,NA,0,NA,0.8571428571428572,0.6833472906143496,792966838161.659,NA,23139.7986561214,49040.3429456877,926.95068359,2197.76025391,31.9,3.295
Senegal,0.8176432077937532,0.720524160952667,0.5,0,0.3333333333333333,0,0.35714285714285715,0.2710649869848189,23578084052.0147,40.3,1446.83096499408,3545.10033995315,14.00303841,34.80200577,18.7,3.008
Serbia,0.5387937989898955,0.7925007011196913,0.5,0,0.6666666666666666,0.5,0.8571428571428572,0.6942331701693433,51475016532.1293,36.2,7411.83611634734,19495.1360196456,366.35211182,881.40673828,41.2,17.366
Seychelles,0.5769344559794436,0.5470462071411266,0,NA,0,NA,NA,0.005628520383903059,1703387387.32319,46.8,17448.2702926831,30516.6772624267,620.39160156,1153.51745605,36.2,8.606
Sierra Leone,0.5236146028626112,0.525503876432702,0.5,0,0.6666666666666666,0.5,0.35714285714285715,0.024254426245558597,4121733705.29165,35.7,527.533634399111,1794.31480252607,8.33168507,24.99506378,19.1,2.538
Singapore,0.5128776825235941,0.514676896473316,0,NA,0,NA,0.4285714285714286,0.8712678354848019,372062527488.638,NA,65233.2824392302,101649.074863026,1421.57092285,2234.97265625,42.4,12.922
Slovakia,0.8979386738799051,0.9011062944910295,1,1,0.6666666666666666,0.5,0.4285714285714286,0.9904614560722106,105079673009.733,25.2,19266.2754990139,33515.8872607082,1030.03820801,1727.04980469,41.2,15.07
Slovenia,0.9098390641889471,0.9113154206264638,0,NA,0,NA,0.28571428571428575,0.8037915668643828,54174227308.8862,24.2,25946.1821852127,42431.1981582698,1570.96789551,2286.95141602,44.5,19.062
Solomon Islands,0.8593165023827554,0.6146600324854022,0,NA,0,NA,NA,NA,1589913622.23799,37.1,2373.63247042576,2780.63775054572,75.07428741,85.08787537,20.8,3.507
Somalia,0.059007370717297766,0.04381126679152425,0,NA,0,NA,0.5714285714285715,0.020577838099461728,NA,NA,NA,NA,NA,NA,16.8,2.731
Somaliland,NA,NA,0,NA,0,NA,NA,NA,NA,NA,NA,NA,NA,NA,NA,NA
South Africa,0.8682437223637693,0.8618239215475784,1,1,1,1,0.5,0.5375225905782972,351431649241.439,63,6001.40081394888,13034.1646607991,284.27764893,610.4276123,27.3,5.344
South Korea,0.5146501922535766,0.6917763063284583,0.5,0,0.6666666666666666,0.5,0.14285714285714288,0.5250282874293575,1646739219509.89,31.6,31846.2182324258,44011.2315131667,1486.45007324,1878.6048584,43.4,13.914
South Korea,0.8807992991666772,0.6917763063284583,0.5,0,0.6666666666666666,0.5,0.14285714285714288,0.5250282874293575,1646739219509.89,31.6,31846.2182324258,44011.2315131667,1486.45007324,1878.6048584,43.4,13.914
South Sudan,0.04178665944673555,0.07634361139108992,0,NA,0,NA,0.2142857142857143,0.15099643941193397,11997800760.2242,46.3,1119.65133267823,1234.72546042266,2.88673401,12.26207829,19.2,3.441
Spain,0.9194689765675481,0.9184803952797541,0,NA,0.6666666666666666,0.5,0.28571428571428575,0.7626737062304323,1393490524517.64,34.7,29600.3782526602,43495.9444077679,1926.46105957,2517.96728516,45.5,19.436
Sri Lanka,0.5302522595180581,0.4909946900176396,0,NA,0.6666666666666666,0.5,1,0.4856150008980225,84008783756.068,39.8,3853.08369288942,13656.8370383651,64.70568085,212.41278076,34.1,10.069
St. Kitts & Nevis,0.8897384875678247,0.9153928222704925,0,NA,0,NA,NA,NA,1053244444.44444,NA,19934.9745323929,27608.1349934729,461.74502563,723.63128662,NA,NA
St. Lucia,0.9000559828877488,0.9207364646720084,0,NA,0,NA,NA,0.00514725645608918,2122450629.62963,51.2,11611.4154473966,16132.4145175205,219.59150696,288.49301147,34.9,9.721
St. Vincent & Grenadines,0.8999863573067788,0.9109342485832227,0,NA,0,NA,NA,0.008371249237038364,824718518.518518,NA,7457.50950382514,13037.681093997,224.6751709,375.03771973,31.8,7.724
Sudan,0.08360470012882634,0.07017224036970851,0,NA,0,NA,0.5,0.01711064095137778,30513456084.7961,34.2,441.505603374484,4122.52668491946,13.74672318,66.94773102,19.7,3.548
Suriname,0.8336127624630094,0.8389198560123325,0,NA,0,NA,NA,0.00538693581830243,3697371949.58434,NA,6359.83361442737,17256.02044768,312.59576416,777.74743652,29.6,6.933
Sweden,0.9820165778710936,0.9802346234350885,0.5,0,1,1,0.14285714285714288,0.0012323085002964014,530883869004.977,28.8,51615.0206514946,56632.1398417253,5089.96289063,4959.51904297,41,19.985
Switzerland,0.9740804097706259,0.9783848424831981,0,NA,0,NA,0,0.7155409312878749,703082435158.864,32.7,81993.72712595,72376.0239525675,3081.69750977,2533.2355957,43.1,18.436
Syria,0.04116136074285094,0.05778171986992853,0,NA,0,NA,NA,0.015168894537169589,40405006007.2086,NA,2032.62348932701,NA,31.62370872,72.26770782,21.7,NA
Taiwan,0.9084177902012994,0.8927046296386419,0,NA,0,NA,0,0.1718014021864961,NA,NA,NA,NA,NA,NA,42.2,NA
Tajikistan,0.05970839318600657,0.09984052918644969,0,NA,0,NA,0.4285714285714286,0.020864867661981895,8116626794.25837,34,870.787589323223,3529.31112569977,16.18490219,67.54522705,23.3,3.466
Tanzania,0.47333235222656567,0.5081576747504835,0,NA,0,NA,0.4285714285714286,0.14989439084728304,63177068174.549,40.5,1122.12181047515,2770.68117187672,15.81463623,48.29768372,17.7,3.108
Thailand,0.18341001774435747,0.3430092150132181,0,NA,0,NA,0.35714285714285715,0.3807194681557905,543548969968.693,36.4,7806.74221105532,19276.8963300209,210.44873047,551.21984863,40.1,11.373
Timor-Leste,0.8327468637977897,0.593484170804936,0,NA,0,NA,NA,NA,2017924900,28.7,1560.50982160188,3709.81127019698,56.8204689,213.77970886,18,3.556
Togo,0.44653441322294546,0.39326039999497586,0,NA,0,NA,0.28571428571428575,0.30754991808099424,5490272413.38702,43.1,679.290249091295,1667.300515485,7.12986135,18.63717461,19.4,2.839
Tonga,0.8541214927312255,0.7030321884711153,0,NA,0,NA,NA,NA,512350059.421629,37.6,4903.15290276599,6665.74994868479,149.84962463,224.72973633,NA,NA
Trinidad & Tobago,0.8626321436405393,0.8518641150249694,0.5,0,0.3333333333333333,0,NA,0.42457118257387894,24269714809.9078,NA,17397.9817601543,27334.1839780114,553.70599365,1034.8359375,36.2,10.014
Tunisia,0.8202374244726626,0.4644462469516725,0,NA,0.6666666666666666,0.5,0.5,0.22290246791501875,38796687568.157,32.8,3317.4535932122,11231.5710195248,144.30830383,523.34558105,32.7,8.001
Turkey,0.18496113434852818,0.4596026344164547,0,NA,0,NA,0.7142857142857143,0.6812811354276799,761425499358.159,41.9,9126.56134585014,28133.0886494052,301.68682861,905.97613525,31.6,8.153
Turkmenistan,0.022452405671872365,0.019186410713628015,0,NA,0,NA,0.4285714285714286,NA,40761142857.1429,NA,6966.63541063077,15206.9619323748,83.38689423,231.05975342,NA,NA
Tuvalu,0.924040930953753,0.8950704243262689,0,NA,0,NA,NA,NA,47271463.3298575,39.1,4059.02999569444,4470.85768826787,553.09881592,605.23760986,NA,NA
U.S. Virgin Islands,NA,NA,0,NA,0,NA,NA,NA,3855000000,NA,35938.0243875154,NA,NA,NA,NA,NA
Uganda,0.20851654452040116,0.39607262568001844,0,NA,0,NA,0.8571428571428572,0.24649832569461627,35165157016.9125,42.8,794.341077917102,2284.26573573575,6.82905865,22.05761909,16.4,2.168
Ukraine,0.5423249092048401,0.6184657222596149,0.5,0,0.6666666666666666,0.5,0.2142857142857143,0.5443166554893343,153781069118.148,26.1,3659.03131229487,13341.2105189612,109.49686432,327.21499634,41.4,16.462
United Arab Emirates,0.14703163616935613,0.16183588640983268,0,NA,0,NA,0.2142857142857143,0.9953914430160349,421142267937.65,32.5,43103.3230583165,70089.3240378269,937.35998535,1636.38220215,34,1.144
United Kingdom,0.9414641999938675,0.9481086647340976,1,1,1,1,0.2142857142857143,0.8576084338928119,2829108219165.8,34.8,42330.117537005,49931.6047586808,3392.0859375,3631.15576172,40.8,18.517
United States,0.9046338589743036,0.9206507097593472,0.5,0,1,1,0.4285714285714286,0.8180894018344388,21433226000000,41.1,65297.517508274,65297.5175082743,5355.78710938,5355.78710938,38.3,15.413
Uruguay,0.9406330478452576,0.9239980427559064,0,NA,0.6666666666666666,0.5,0.2142857142857143,0.641603304584325,56045912952.9732,39.7,16190.126957465,22515.1935903221,1160.20898438,1582.8605957,35.6,14.655
Uzbekistan,0.08736355440743458,0.044176612169639085,0,NA,0,NA,0.35714285714285715,0.016307568930472582,57921286440.3495,NA,1724.8411344137,7308.41545261871,31.40143394,175.35740662,28.2,4.469
Vanuatu,0.8673764076344045,0.8501191628415602,0,NA,0,NA,NA,NA,934239973.812573,37.6,3115.35862043261,3292.54406464072,66.89446259,68.97711182,23.1,4.394
Venezuela,0.1115627713427707,0.3586872680879108,0,NA,0,NA,0.9285714285714287,0.011355652630695157,482359318767.703,46.9,16054.4905130962,17527.4477948588,122.94241333,183.49887085,29,6.614
Vietnam,0.11513005771412428,0.10815350667027504,0,NA,0,NA,0.2142857142857143,0.2934882874038554,261921244843.172,35.7,2715.27603640721,8397.02104225433,69.10861206,200.54107666,32.6,7.15
Yemen,0.0675559496594839,0.1812905439662256,0,NA,0,NA,NA,0.031209556631142447,22581081993.945,36.7,774.334489816721,3688.51984855665,7.45118046,14.31576443,20.3,2.922
Zambia,0.5001864993750618,0.5095657546303638,0,NA,0,NA,0.4285714285714286,0.4060366649684771,23309773922.7582,57.1,1305.06325350544,3624.02493904299,29.70040321,81.4677887,17.7,2.48
Zanzibar,NA,NA,0,NA,0,NA,NA,NA,NA,NA,NA,NA,NA,NA,NA,NA
Zimbabwe,0.39458321399428276,0.17109309306087156,0,NA,0,NA,0.5,0.27945036014180774,21440758800,44.3,1463.98591018054,2961.44642810493,39.2492218,55.3876152,19.6,2.822
